config	train_job	train_run	eval_job	eval_run
decay_continuous_bmid_s0	69858	a3-h64-decay-continuous-bmid-s0-20261004T102129Z	69859	test-a3-h64-decay-continuous-bmid-s0-20261004T102131Z
relic_discrete_bmid_s0	69860	a3-h64-relic-discrete-bmid-s0-20261004T102133Z	69861	test-a3-h64-relic-discrete-bmid-s0-20261004T102135Z
uniform_subsample_bmid_s0	69862	a3-h64-uniform-subsample-bmid-s0-20261004T102137Z	69863	test-a3-h64-uniform-subsample-bmid-s0-20261004T102139Z
window_bmid_s0	reused	a2-h64-window-bmid-20261002T164430Z	69864	test-a3-h64-window-bmid-s0-20261004T102140Z
window_sink_bmid_s0	reused	a2-h64-window-sink-bmid-20261002T164437Z	69865	test-a3-h64-window-sink-bmid-s0-20261004T102142Z
full_s0	reused	a2-h64-full-20261002T164840Z	69866	test-a3-h64-full-s0-20261004T102144Z
decay_continuous_blow_s0	reused	a3-h64-tune-decay-continuous-s8-20261003T111221Z	69867	test-a3-h64-decay-continuous-blow-s0-20261004T102146Z
relic_discrete_blow_s0	reused	a3-h64-tune-relic-discrete-w2-20261003T111232Z	69868	test-a3-h64-relic-discrete-blow-s0-20261004T102148Z
uniform_subsample_blow_s0	reused	a3-h64-tune-uniform-subsample-w1-20261003T111236Z	69869	test-a3-h64-uniform-subsample-blow-s0-20261004T102150Z
window_blow_s0	reused	a2-h64-window-blow-20261002T164439Z	69870	test-a3-h64-window-blow-s0-20261004T102152Z
window_sink_blow_s0	reused	a2-h64-window-sink-blow-20261002T164446Z	69871	test-a3-h64-window-sink-blow-s0-20261004T102154Z
decay_continuous_bvlow_s0	69872	a3-h64-decay-continuous-bvlow-s0-20261004T102155Z	69873	test-a3-h64-decay-continuous-bvlow-s0-20261004T102157Z
relic_discrete_bvlow_s0	69874	a3-h64-relic-discrete-bvlow-s0-20261004T102159Z	69875	test-a3-h64-relic-discrete-bvlow-s0-20261004T102201Z
uniform_subsample_bvlow_s0	69876	a3-h64-uniform-subsample-bvlow-s0-20261004T102203Z	69877	test-a3-h64-uniform-subsample-bvlow-s0-20261004T102204Z
window_bvlow_s0	69878	a3-h64-window-bvlow-s0-20261004T102206Z	69879	test-a3-h64-window-bvlow-s0-20261004T102208Z
window_sink_bvlow_s0	69880	a3-h64-window-sink-bvlow-s0-20261004T102210Z	69881	test-a3-h64-window-sink-bvlow-s0-20261004T102211Z
decay_continuous_bmid_s1	69882	a3-h64-decay-continuous-bmid-s1-20261004T102213Z	69883	test-a3-h64-decay-continuous-bmid-s1-20261004T102215Z
relic_discrete_bmid_s1	69884	a3-h64-relic-discrete-bmid-s1-20261004T102217Z	69885	test-a3-h64-relic-discrete-bmid-s1-20261004T102218Z
uniform_subsample_bmid_s1	69886	a3-h64-uniform-subsample-bmid-s1-20261004T102220Z	69887	test-a3-h64-uniform-subsample-bmid-s1-20261004T102222Z
window_bmid_s1	69888	a3-h64-window-bmid-s1-20261004T102224Z	69889	test-a3-h64-window-bmid-s1-20261004T102226Z
window_sink_bmid_s1	69890	a3-h64-window-sink-bmid-s1-20261004T102227Z	69891	test-a3-h64-window-sink-bmid-s1-20261004T102229Z
full_s1	69892	a3-h64-full-s1-20261004T102231Z	69893	test-a3-h64-full-s1-20261004T102233Z
decay_continuous_blow_s1	69894	a3-h64-decay-continuous-blow-s1-20261004T102234Z	69895	test-a3-h64-decay-continuous-blow-s1-20261004T102236Z
relic_discrete_blow_s1	69896	a3-h64-relic-discrete-blow-s1-20261004T102238Z	69897	test-a3-h64-relic-discrete-blow-s1-20261004T102240Z
uniform_subsample_blow_s1	69898	a3-h64-uniform-subsample-blow-s1-20261004T102242Z	69899	test-a3-h64-uniform-subsample-blow-s1-20261004T102244Z
window_blow_s1	69900	a3-h64-window-blow-s1-20261004T102245Z	69901	test-a3-h64-window-blow-s1-20261004T102247Z
window_sink_blow_s1	69902	a3-h64-window-sink-blow-s1-20261004T102249Z	69903	test-a3-h64-window-sink-blow-s1-20261004T102251Z
decay_continuous_bvlow_s1	69904	a3-h64-decay-continuous-bvlow-s1-20261004T102253Z	69905	test-a3-h64-decay-continuous-bvlow-s1-20261004T102255Z
relic_discrete_bvlow_s1	69906	a3-h64-relic-discrete-bvlow-s1-20261004T102257Z	69907	test-a3-h64-relic-discrete-bvlow-s1-20261004T102258Z
uniform_subsample_bvlow_s1	69908	a3-h64-uniform-subsample-bvlow-s1-20261004T102300Z	69909	test-a3-h64-uniform-subsample-bvlow-s1-20261004T102302Z
window_bvlow_s1	69910	a3-h64-window-bvlow-s1-20261004T102304Z	69911	test-a3-h64-window-bvlow-s1-20261004T102306Z
window_sink_bvlow_s1	69912	a3-h64-window-sink-bvlow-s1-20261004T102308Z	69913	test-a3-h64-window-sink-bvlow-s1-20261004T102309Z
decay_continuous_bmid_s2	69914	a3-h64-decay-continuous-bmid-s2-20261004T102311Z	69915	test-a3-h64-decay-continuous-bmid-s2-20261004T102313Z
relic_discrete_bmid_s2	69916	a3-h64-relic-discrete-bmid-s2-20261004T102315Z	69917	test-a3-h64-relic-discrete-bmid-s2-20261004T102317Z
uniform_subsample_bmid_s2	69918	a3-h64-uniform-subsample-bmid-s2-20261004T102319Z	69919	test-a3-h64-uniform-subsample-bmid-s2-20261004T102321Z
window_bmid_s2	69920	a3-h64-window-bmid-s2-20261004T102323Z	69921	test-a3-h64-window-bmid-s2-20261004T102325Z
window_sink_bmid_s2	69922	a3-h64-window-sink-bmid-s2-20261004T102327Z	69923	test-a3-h64-window-sink-bmid-s2-20261004T102329Z
full_s2	69924	a3-h64-full-s2-20261004T102331Z	69925	test-a3-h64-full-s2-20261004T102333Z
decay_continuous_blow_s2	69926	a3-h64-decay-continuous-blow-s2-20261004T102335Z	69927	test-a3-h64-decay-continuous-blow-s2-20261004T102336Z
relic_discrete_blow_s2	69928	a3-h64-relic-discrete-blow-s2-20261004T102338Z	69929	test-a3-h64-relic-discrete-blow-s2-20261004T102340Z
uniform_subsample_blow_s2	69930	a3-h64-uniform-subsample-blow-s2-20261004T102342Z	69931	test-a3-h64-uniform-subsample-blow-s2-20261004T102344Z
window_blow_s2	69932	a3-h64-window-blow-s2-20261004T102345Z	69933	test-a3-h64-window-blow-s2-20261004T102347Z
window_sink_blow_s2	69934	a3-h64-window-sink-blow-s2-20261004T102349Z	69935	test-a3-h64-window-sink-blow-s2-20261004T102351Z
decay_continuous_bvlow_s2	69936	a3-h64-decay-continuous-bvlow-s2-20261004T102353Z	69937	test-a3-h64-decay-continuous-bvlow-s2-20261004T102355Z
relic_discrete_bvlow_s2	69938	a3-h64-relic-discrete-bvlow-s2-20261004T102356Z	69939	test-a3-h64-relic-discrete-bvlow-s2-20261004T102358Z
uniform_subsample_bvlow_s2	69940	a3-h64-uniform-subsample-bvlow-s2-20261004T102400Z	69941	test-a3-h64-uniform-subsample-bvlow-s2-20261004T102402Z
window_bvlow_s2	69942	a3-h64-window-bvlow-s2-20261004T102404Z	69943	test-a3-h64-window-bvlow-s2-20261004T102405Z
window_sink_bvlow_s2	69944	a3-h64-window-sink-bvlow-s2-20261004T102407Z	69945	test-a3-h64-window-sink-bvlow-s2-20261004T102409Z
